nivel,dicofre,designacao,wiki_image_large,codigo,wikipedia,brasao
2,0101,Águeda,https://upload.wikimedia.org/wikipedia/commons/thumb/d/db/AGD1.png/100px-AGD1.png,AGD,https://pt.wikipedia.org/wiki/%C3%81gueda,https://dados.gov.pt/s/brasoes/0101.png
2,0102,Albergaria-a-Velha,https://upload.wikimedia.org/wikipedia/commons/thumb/1/10/ABV.png/100px-ABV.png,ALB,https://pt.wikipedia.org/wiki/Albergaria-a-Velha,https://dados.gov.pt/s/brasoes/0102.png
2,0103,Anadia,https://upload.wikimedia.org/wikipedia/commons/thumb/2/2d/Coat_of_arms_of_Anadia.png/100px-Coat_of_arms_of_Anadia.png,,https://pt.wikipedia.org/wiki/Anadia_(Portugal),https://dados.gov.pt/s/brasoes/0103.png
2,0104,Arouca,https://upload.wikimedia.org/wikipedia/commons/thumb/6/67/ARC.png/100px-ARC.png,ARC,https://pt.wikipedia.org/wiki/Arouca,https://dados.gov.pt/s/brasoes/0104.png
2,0105,Aveiro,https://upload.wikimedia.org/wikipedia/commons/thumb/d/de/AVR.png/100px-AVR.png,AVR,https://pt.wikipedia.org/wiki/Aveiro,https://dados.gov.pt/s/brasoes/0105.png
2,0106,Castelo de Paiva,https://upload.wikimedia.org/wikipedia/commons/thumb/7/76/CPV.png/100px-CPV.png,CPV,https://pt.wikipedia.org/wiki/Castelo_de_Paiva,https://dados.gov.pt/s/brasoes/0106.png
2,0107,Espinho,https://upload.wikimedia.org/wikipedia/commons/thumb/a/ab/ESP1.png/100px-ESP1.png,ESP,https://pt.wikipedia.org/wiki/Espinho_(Portugal),https://dados.gov.pt/s/brasoes/0107.png
2,0108,Estarreja,https://upload.wikimedia.org/wikipedia/commons/thumb/6/62/ETR.png/100px-ETR.png,ETR,https://pt.wikipedia.org/wiki/Estarreja,https://dados.gov.pt/s/brasoes/0108.png
2,0109,Santa Maria da Feira,https://upload.wikimedia.org/wikipedia/commons/thumb/c/cd/VFR1.png/100px-VFR1.png,VFR,https://pt.wikipedia.org/wiki/Santa_Maria_da_Feira,https://dados.gov.pt/s/brasoes/0109.png
2,0110,Ílhavo,https://upload.wikimedia.org/wikipedia/commons/thumb/1/1a/ILH1.png/100px-ILH1.png,ILH,https://pt.wikipedia.org/wiki/%C3%8Dlhavo,https://dados.gov.pt/s/brasoes/0110.png
2,0111,Mealhada,https://upload.wikimedia.org/wikipedia/commons/thumb/9/95/MLD.png/100px-MLD.png,MLD,https://pt.wikipedia.org/wiki/Mealhada,https://dados.gov.pt/s/brasoes/0111.png
2,0112,Murtosa,https://upload.wikimedia.org/wikipedia/commons/thumb/0/0e/MRS.png/100px-MRS.png,MRS,https://pt.wikipedia.org/wiki/Murtosa,https://dados.gov.pt/s/brasoes/0112.png
2,0113,Oliveira de Azeméis,https://upload.wikimedia.org/wikipedia/commons/thumb/3/35/OAZ.png/100px-OAZ.png,OAZ,https://pt.wikipedia.org/wiki/Oliveira_de_Azem%C3%A9is,https://dados.gov.pt/s/brasoes/0113.png
2,0114,Oliveira do Bairro,https://upload.wikimedia.org/wikipedia/commons/thumb/a/a4/OBR1.png/100px-OBR1.png,OBR,https://pt.wikipedia.org/wiki/Oliveira_do_Bairro,https://dados.gov.pt/s/brasoes/0114.png
2,0115,Ovar,https://upload.wikimedia.org/wikipedia/commons/thumb/1/18/OVR.png/100px-OVR.png,OVR,https://pt.wikipedia.org/wiki/Ovar,https://dados.gov.pt/s/brasoes/0115.png
2,0116,São João da Madeira,https://upload.wikimedia.org/wikipedia/commons/thumb/1/10/SJM.png/100px-SJM.png,SJM,https://pt.wikipedia.org/wiki/S%C3%A3o_Jo%C3%A3o_da_Madeira,https://dados.gov.pt/s/brasoes/0116.png
2,0117,Sever do Vouga,https://upload.wikimedia.org/wikipedia/commons/thumb/6/66/SVV.png/100px-SVV.png,SVV,https://pt.wikipedia.org/wiki/Sever_do_Vouga,https://dados.gov.pt/s/brasoes/0117.png
2,0118,Vagos,https://upload.wikimedia.org/wikipedia/commons/thumb/9/94/VGS.png/100px-VGS.png,VGS,https://pt.wikipedia.org/wiki/Vagos,https://dados.gov.pt/s/brasoes/0118.png
2,0119,Vale de Cambra,https://upload.wikimedia.org/wikipedia/commons/thumb/8/87/VAC1.png/100px-VAC1.png,VLC,https://pt.wikipedia.org/wiki/Vale_de_Cambra,https://dados.gov.pt/s/brasoes/0119.png
2,0201,Aljustrel,https://upload.wikimedia.org/wikipedia/commons/thumb/e/ea/AJT.png/100px-AJT.png,AJT,https://pt.wikipedia.org/wiki/Aljustrel,https://dados.gov.pt/s/brasoes/0201.png
2,0202,Almodôvar,https://upload.wikimedia.org/wikipedia/commons/thumb/6/6a/ADV.png/100px-ADV.png,ADV,https://pt.wikipedia.org/wiki/Almod%C3%B4var,https://dados.gov.pt/s/brasoes/0202.png
2,0203,Alvito,https://upload.wikimedia.org/wikipedia/commons/thumb/3/3e/AVT.png/100px-AVT.png,AVT,https://pt.wikipedia.org/wiki/Alvito,https://dados.gov.pt/s/brasoes/0203.png
2,0204,Barrancos,https://upload.wikimedia.org/wikipedia/commons/thumb/2/2c/BRC.png/100px-BRC.png,BRC,https://pt.wikipedia.org/wiki/Barrancos,https://dados.gov.pt/s/brasoes/0204.png
2,0205,Beja,https://upload.wikimedia.org/wikipedia/commons/thumb/3/36/BJA.png/100px-BJA.png,BJA,https://pt.wikipedia.org/wiki/Beja,https://dados.gov.pt/s/brasoes/0205.png
2,0206,Castro Verde,https://upload.wikimedia.org/wikipedia/commons/thumb/9/9f/CVR.png/100px-CVR.png,CVR,https://pt.wikipedia.org/wiki/Castro_Verde,https://dados.gov.pt/s/brasoes/0206.png
2,0207,Cuba,https://upload.wikimedia.org/wikipedia/commons/thumb/6/6a/CBA.png/100px-CBA.png,CBA,https://pt.wikipedia.org/wiki/Cuba_(Portugal),https://dados.gov.pt/s/brasoes/0207.png
2,0208,Ferreira do Alentejo,https://upload.wikimedia.org/wikipedia/commons/thumb/e/e9/FAL.png/100px-FAL.png,FAL,https://pt.wikipedia.org/wiki/Ferreira_do_Alentejo,https://dados.gov.pt/s/brasoes/0208.png
2,0209,Mértola,https://upload.wikimedia.org/wikipedia/commons/thumb/5/54/MTL.png/100px-MTL.png,MTL,https://pt.wikipedia.org/wiki/M%C3%A9rtola,https://dados.gov.pt/s/brasoes/0209.png
2,0210,Moura,https://upload.wikimedia.org/wikipedia/commons/thumb/4/4f/MRA1.png/100px-MRA1.png,MRA,https://pt.wikipedia.org/wiki/Moura,https://dados.gov.pt/s/brasoes/0210.png
2,0211,Odemira,https://upload.wikimedia.org/wikipedia/commons/thumb/a/a0/ODM.png/100px-ODM.png,ODM,https://pt.wikipedia.org/wiki/Odemira,https://dados.gov.pt/s/brasoes/0211.png
2,0212,Ourique,https://upload.wikimedia.org/wikipedia/commons/thumb/9/98/ORQ.png/100px-ORQ.png,ORQ,https://pt.wikipedia.org/wiki/Ourique,https://dados.gov.pt/s/brasoes/0212.png
2,0213,Serpa,https://upload.wikimedia.org/wikipedia/commons/thumb/b/b1/SRP.png/100px-SRP.png,SRP,https://pt.wikipedia.org/wiki/Serpa,https://dados.gov.pt/s/brasoes/0213.png
2,0214,Vidigueira,https://upload.wikimedia.org/wikipedia/commons/thumb/9/95/VDG.png/100px-VDG.png,VDG,https://pt.wikipedia.org/wiki/Vidigueira,https://dados.gov.pt/s/brasoes/0214.png
2,0301,Amares,https://upload.wikimedia.org/wikipedia/commons/thumb/a/a5/AMR.png/100px-AMR.png,AMR,https://pt.wikipedia.org/wiki/Amares,https://dados.gov.pt/s/brasoes/0301.png
2,0302,Barcelos,https://upload.wikimedia.org/wikipedia/commons/thumb/1/10/BCL.png/100px-BCL.png,BCL,https://pt.wikipedia.org/wiki/Barcelos,https://dados.gov.pt/s/brasoes/0302.png
2,0303,Braga,https://upload.wikimedia.org/wikipedia/commons/thumb/2/25/BRG.png/100px-BRG.png,BRG,https://pt.wikipedia.org/wiki/Braga,https://dados.gov.pt/s/brasoes/0303.png
2,0304,Cabeceiras de Basto,https://upload.wikimedia.org/wikipedia/commons/thumb/0/00/CBC.png/100px-CBC.png,CBC,https://pt.wikipedia.org/wiki/Cabeceiras_de_Basto,https://dados.gov.pt/s/brasoes/0304.png
2,0305,Celorico de Basto,https://upload.wikimedia.org/wikipedia/commons/thumb/2/2c/CBT.png/100px-CBT.png,CBT,https://pt.wikipedia.org/wiki/Celorico_de_Basto,https://dados.gov.pt/s/brasoes/0305.png
2,0306,Esposende,https://upload.wikimedia.org/wikipedia/commons/thumb/c/cd/EPS1.png/100px-EPS1.png,EPS,https://pt.wikipedia.org/wiki/Esposende,https://dados.gov.pt/s/brasoes/0306.png
2,0307,Fafe,https://upload.wikimedia.org/wikipedia/commons/thumb/3/3c/FAF1.png/100px-FAF1.png,FAF,https://pt.wikipedia.org/wiki/Fafe,https://dados.gov.pt/s/brasoes/0307.png
2,0308,Guimarães,https://upload.wikimedia.org/wikipedia/commons/thumb/0/0d/GMR.png/100px-GMR.png,GMR,https://pt.wikipedia.org/wiki/Guimar%C3%A3es,https://dados.gov.pt/s/brasoes/0308.png
2,0309,Póvoa de Lanhoso,https://upload.wikimedia.org/wikipedia/commons/thumb/5/5b/PVL.png/100px-PVL.png,PVL,https://pt.wikipedia.org/wiki/P%C3%B3voa_de_Lanhoso,https://dados.gov.pt/s/brasoes/0309.png
2,0310,Terras de Bouro,https://upload.wikimedia.org/wikipedia/commons/thumb/b/ba/TBR.png/100px-TBR.png,TBR,https://pt.wikipedia.org/wiki/Terras_de_Bouro,https://dados.gov.pt/s/brasoes/0310.png
2,0311,Vieira do Minho,https://upload.wikimedia.org/wikipedia/commons/thumb/5/5b/Crest_of_Vieira_do_Minho_municipality_%28Portugal%29.png/100px-Crest_of_Vieira_do_Minho_municipality_%28Portugal%29.png,VRM,https://pt.wikipedia.org/wiki/Vieira_do_Minho,https://dados.gov.pt/s/brasoes/0311.png
2,0312,Vila Nova de Famalicão,https://upload.wikimedia.org/wikipedia/commons/thumb/d/d9/VNF1.png/100px-VNF1.png,VNF,https://pt.wikipedia.org/wiki/Vila_Nova_de_Famalic%C3%A3o,https://dados.gov.pt/s/brasoes/0312.png
2,0313,Vila Verde,https://upload.wikimedia.org/wikipedia/commons/thumb/f/f3/Crest_of_Vila_Verde_municipality_%28Portugal%29.png/100px-Crest_of_Vila_Verde_municipality_%28Portugal%29.png,VVD,https://pt.wikipedia.org/wiki/Vila_Verde,https://dados.gov.pt/s/brasoes/0313.png
2,0314,Vizela,https://upload.wikimedia.org/wikipedia/commons/thumb/7/7c/VIZ.png/100px-VIZ.png,VIZ,https://pt.wikipedia.org/wiki/Vizela,https://dados.gov.pt/s/brasoes/0314.png
2,0401,Alfândega da Fé,https://upload.wikimedia.org/wikipedia/commons/thumb/0/01/AFE.png/100px-AFE.png,AFE,https://pt.wikipedia.org/wiki/Alf%C3%A2ndega_da_F%C3%A9,https://dados.gov.pt/s/brasoes/0401.png
2,0402,Bragança,https://upload.wikimedia.org/wikipedia/commons/thumb/0/02/Bras%C3%A3o_de_Bragan%C3%A7a.png/100px-Bras%C3%A3o_de_Bragan%C3%A7a.png,BGC,https://pt.wikipedia.org/wiki/Bragan%C3%A7a_(Portugal),https://dados.gov.pt/s/brasoes/0402.png
2,0403,Carrazeda de Ansiães,https://upload.wikimedia.org/wikipedia/commons/thumb/6/66/CRZ.png/100px-CRZ.png,CRZ,https://pt.wikipedia.org/wiki/Carrazeda_de_Ansi%C3%A3es,https://dados.gov.pt/s/brasoes/0403.png
2,0404,Freixo de Espada à Cinta,https://upload.wikimedia.org/wikipedia/commons/thumb/a/a4/FEC.png/100px-FEC.png,FEC,https://pt.wikipedia.org/wiki/Freixo_de_Espada_%C3%A0_Cinta,https://dados.gov.pt/s/brasoes/0404.png
2,0405,Macedo de Cavaleiros,https://upload.wikimedia.org/wikipedia/commons/thumb/c/c6/MCD1.png/100px-MCD1.png,MCD,https://pt.wikipedia.org/wiki/Macedo_de_Cavaleiros,https://dados.gov.pt/s/brasoes/0405.png
2,0406,Miranda do Douro,https://upload.wikimedia.org/wikipedia/commons/thumb/b/b2/MDR.png/100px-MDR.png,MDR,https://pt.wikipedia.org/wiki/Miranda_do_Douro,https://dados.gov.pt/s/brasoes/0406.png
2,0407,Mirandela,https://upload.wikimedia.org/wikipedia/commons/thumb/7/7e/MDL1.png/100px-MDL1.png,MDL,https://pt.wikipedia.org/wiki/Mirandela,https://dados.gov.pt/s/brasoes/0407.png
2,0408,Mogadouro,https://upload.wikimedia.org/wikipedia/commons/thumb/7/77/MGD.png/100px-MGD.png,MGD,https://pt.wikipedia.org/wiki/Mogadouro,https://dados.gov.pt/s/brasoes/0408.png
2,0409,Torre de Moncorvo,https://upload.wikimedia.org/wikipedia/commons/thumb/b/b6/TMC.png/100px-TMC.png,TMC,https://pt.wikipedia.org/wiki/Torre_de_Moncorvo,https://dados.gov.pt/s/brasoes/0409.png
2,0410,Vila Flor,https://upload.wikimedia.org/wikipedia/commons/thumb/6/6e/VFL.png/100px-VFL.png,VFL,https://pt.wikipedia.org/wiki/Vila_Flor,https://dados.gov.pt/s/brasoes/0410.png
2,0411,Vimioso,https://upload.wikimedia.org/wikipedia/commons/thumb/7/7b/VMS.png/100px-VMS.png,VMS,https://pt.wikipedia.org/wiki/Vimioso,https://dados.gov.pt/s/brasoes/0411.png
2,0412,Vinhais,https://upload.wikimedia.org/wikipedia/commons/thumb/1/13/VNH.png/100px-VNH.png,VNH,https://pt.wikipedia.org/wiki/Vinhais_(Portugal),https://dados.gov.pt/s/brasoes/0412.png
2,0501,Belmonte,https://upload.wikimedia.org/wikipedia/commons/thumb/3/38/BMT.png/100px-BMT.png,BMT,https://pt.wikipedia.org/wiki/Belmonte_(Portugal),https://dados.gov.pt/s/brasoes/0501.png
2,0502,Castelo Branco,https://upload.wikimedia.org/wikipedia/commons/thumb/c/c1/Coat_of_Arms_of_Castelo_Branco.png/100px-Coat_of_Arms_of_Castelo_Branco.png,CTB,https://pt.wikipedia.org/wiki/Castelo_Branco,https://dados.gov.pt/s/brasoes/0502.png
2,0503,Covilhã,https://upload.wikimedia.org/wikipedia/commons/thumb/8/81/CVL.png/100px-CVL.png,CVL,https://pt.wikipedia.org/wiki/Covilh%C3%A3,https://dados.gov.pt/s/brasoes/0503.png
2,0504,Fundão,https://upload.wikimedia.org/wikipedia/commons/thumb/e/e4/FND1.png/100px-FND1.png,FND,https://pt.wikipedia.org/wiki/Fund%C3%A3o_(Castelo_Branco),https://dados.gov.pt/s/brasoes/0504.png
2,0505,Idanha-a-Nova,https://upload.wikimedia.org/wikipedia/commons/thumb/1/17/IDN.png/100px-IDN.png,IDN,https://pt.wikipedia.org/wiki/Idanha-a-Nova,https://dados.gov.pt/s/brasoes/0505.png
2,0506,Oleiros,https://upload.wikimedia.org/wikipedia/commons/thumb/8/85/OLR.png/100px-OLR.png,OLR,https://pt.wikipedia.org/wiki/Oleiros,https://dados.gov.pt/s/brasoes/0506.png
2,0507,Penamacor,https://upload.wikimedia.org/wikipedia/commons/thumb/d/dc/PNC1.png/100px-PNC1.png,PNC,https://pt.wikipedia.org/wiki/Penamacor,https://dados.gov.pt/s/brasoes/0507.png
2,0508,Proença-a-Nova,https://upload.wikimedia.org/wikipedia/commons/thumb/e/e2/PNV.png/100px-PNV.png,PNV,https://pt.wikipedia.org/wiki/Proen%C3%A7a-a-Nova,https://dados.gov.pt/s/brasoes/0508.png
2,0509,Sertã,https://upload.wikimedia.org/wikipedia/commons/thumb/5/5a/SRT.png/100px-SRT.png,SRT,https://pt.wikipedia.org/wiki/Sert%C3%A3,https://dados.gov.pt/s/brasoes/0509.png
2,0510,Vila de Rei,https://upload.wikimedia.org/wikipedia/commons/thumb/1/13/VLR.png/100px-VLR.png,VLR,https://pt.wikipedia.org/wiki/Vila_de_Rei,https://dados.gov.pt/s/brasoes/0510.png
2,0511,Vila Velha de Ródão,https://upload.wikimedia.org/wikipedia/commons/thumb/7/77/VVR.png/100px-VVR.png,VVR,https://pt.wikipedia.org/wiki/Vila_Velha_de_R%C3%B3d%C3%A3o,https://dados.gov.pt/s/brasoes/0511.png
2,0601,Arganil,https://upload.wikimedia.org/wikipedia/commons/thumb/e/ec/AGN.png/100px-AGN.png,AGN,https://pt.wikipedia.org/wiki/Arganil,https://dados.gov.pt/s/brasoes/0601.png
2,0602,Cantanhede,https://upload.wikimedia.org/wikipedia/commons/thumb/2/23/CNT1.png/100px-CNT1.png,CNT,https://pt.wikipedia.org/wiki/Cantanhede_(Portugal),https://dados.gov.pt/s/brasoes/0602.png
2,0603,Coimbra,https://upload.wikimedia.org/wikipedia/commons/thumb/7/76/CBR.png/100px-CBR.png,CBR,https://pt.wikipedia.org/wiki/Coimbra,https://dados.gov.pt/s/brasoes/0603.png
2,0604,Condeixa-a-Nova,https://upload.wikimedia.org/wikipedia/commons/thumb/0/06/CDN.png/100px-CDN.png,CDN,https://pt.wikipedia.org/wiki/Condeixa-a-Nova,https://dados.gov.pt/s/brasoes/0604.png
2,0605,Figueira da Foz,https://upload.wikimedia.org/wikipedia/commons/thumb/3/39/FIG.png/100px-FIG.png,FIG,https://pt.wikipedia.org/wiki/Figueira_da_Foz,https://dados.gov.pt/s/brasoes/0605.png
2,0606,Góis,https://upload.wikimedia.org/wikipedia/commons/thumb/1/1c/GOI.png/100px-GOI.png,GOI,https://pt.wikipedia.org/wiki/G%C3%B3is,https://dados.gov.pt/s/brasoes/0606.png
2,0607,Lousã,https://upload.wikimedia.org/wikipedia/commons/thumb/f/f5/LSA.png/100px-LSA.png,LSA,https://pt.wikipedia.org/wiki/Lous%C3%A3,https://dados.gov.pt/s/brasoes/0607.png
2,0608,Mira,https://upload.wikimedia.org/wikipedia/commons/thumb/c/c6/MIR.png/100px-MIR.png,MIR,https://pt.wikipedia.org/wiki/Mira_(Portugal),https://dados.gov.pt/s/brasoes/0608.png
2,0609,Miranda do Corvo,https://upload.wikimedia.org/wikipedia/commons/thumb/d/db/MCV.png/100px-MCV.png,MCV,https://pt.wikipedia.org/wiki/Miranda_do_Corvo,https://dados.gov.pt/s/brasoes/0609.png
2,0610,Montemor-o-Velho,https://upload.wikimedia.org/wikipedia/commons/thumb/7/7e/MMV.png/100px-MMV.png,MMV,https://pt.wikipedia.org/wiki/Montemor-o-Velho,https://dados.gov.pt/s/brasoes/0610.png
2,0611,Oliveira do Hospital,https://upload.wikimedia.org/wikipedia/commons/thumb/f/f2/OHP1.png/100px-OHP1.png,OHP,https://pt.wikipedia.org/wiki/Oliveira_do_Hospital,https://dados.gov.pt/s/brasoes/0611.png
2,0612,Pampilhosa da Serra,https://upload.wikimedia.org/wikipedia/commons/thumb/c/c5/PPS.png/100px-PPS.png,PPS,https://pt.wikipedia.org/wiki/Pampilhosa_da_Serra,https://dados.gov.pt/s/brasoes/0612.png
2,0613,Penacova,https://upload.wikimedia.org/wikipedia/commons/thumb/1/16/PCV.png/100px-PCV.png,PCV,https://pt.wikipedia.org/wiki/Penacova,https://dados.gov.pt/s/brasoes/0613.png
2,0614,Penela,https://upload.wikimedia.org/wikipedia/commons/thumb/6/63/PNL.png/100px-PNL.png,PNL,https://pt.wikipedia.org/wiki/Penela,https://dados.gov.pt/s/brasoes/0614.png
2,0615,Soure,https://upload.wikimedia.org/wikipedia/commons/thumb/7/7f/SRE.png/100px-SRE.png,SRE,https://pt.wikipedia.org/wiki/Soure_(Portugal),https://dados.gov.pt/s/brasoes/0615.png
2,0616,Tábua,https://upload.wikimedia.org/wikipedia/commons/thumb/d/dd/TBU.png/100px-TBU.png,TBU,https://pt.wikipedia.org/wiki/T%C3%A1bua,https://dados.gov.pt/s/brasoes/0616.png
2,0617,Vila Nova de Poiares,https://upload.wikimedia.org/wikipedia/commons/thumb/3/36/PRS.png/100px-PRS.png,PRS,https://pt.wikipedia.org/wiki/Vila_Nova_de_Poiares,https://dados.gov.pt/s/brasoes/0617.png
2,0701,Alandroal,https://upload.wikimedia.org/wikipedia/commons/thumb/c/cd/ADL.png/100px-ADL.png,ADL,https://pt.wikipedia.org/wiki/Alandroal,https://dados.gov.pt/s/brasoes/0701.png
2,0702,Arraiolos,https://upload.wikimedia.org/wikipedia/commons/thumb/d/db/ARL.png/100px-ARL.png,ARL,https://pt.wikipedia.org/wiki/Arraiolos,https://dados.gov.pt/s/brasoes/0702.png
2,0703,Borba,https://upload.wikimedia.org/wikipedia/commons/thumb/7/7e/BRB.png/100px-BRB.png,BRB,https://pt.wikipedia.org/wiki/Borba_(Portugal),https://dados.gov.pt/s/brasoes/0703.png
2,0704,Estremoz,https://upload.wikimedia.org/wikipedia/commons/thumb/7/7b/ETZ.png/100px-ETZ.png,ETZ,https://pt.wikipedia.org/wiki/Estremoz,https://dados.gov.pt/s/brasoes/0704.png
2,0705,Évora,https://upload.wikimedia.org/wikipedia/commons/thumb/f/fb/COA_of_%C3%89vora_municipality_%28Portugal%29.png/100px-COA_of_%C3%89vora_municipality_%28Portugal%29.png,EVR,https://pt.wikipedia.org/wiki/%C3%89vora,https://dados.gov.pt/s/brasoes/0705.png
2,0706,Montemor-o-Novo,https://upload.wikimedia.org/wikipedia/commons/thumb/3/39/MMN1.png/100px-MMN1.png,MMN,https://pt.wikipedia.org/wiki/Montemor-o-Novo,https://dados.gov.pt/s/brasoes/0706.png
2,0707,Mora,https://upload.wikimedia.org/wikipedia/commons/thumb/5/5f/MOR.png/100px-MOR.png,MOR,https://pt.wikipedia.org/wiki/Mora_(Portugal),https://dados.gov.pt/s/brasoes/0707.png
2,0708,Mourão,https://upload.wikimedia.org/wikipedia/commons/thumb/d/d5/MOU.png/100px-MOU.png,MOU,https://pt.wikipedia.org/wiki/Mour%C3%A3o,https://dados.gov.pt/s/brasoes/0708.png
2,0709,Portel,https://upload.wikimedia.org/wikipedia/commons/thumb/9/9c/PRL.png/100px-PRL.png,PRL,https://pt.wikipedia.org/wiki/Portel_(Portugal),https://dados.gov.pt/s/brasoes/0709.png
2,0710,Redondo,https://upload.wikimedia.org/wikipedia/commons/thumb/b/b3/RDD.png/100px-RDD.png,RDD,https://pt.wikipedia.org/wiki/Redondo,https://dados.gov.pt/s/brasoes/0710.png
2,0711,Reguengos de Monsaraz,https://upload.wikimedia.org/wikipedia/commons/thumb/0/02/RMZ.png/100px-RMZ.png,RMZ,https://pt.wikipedia.org/wiki/Reguengos_de_Monsaraz,https://dados.gov.pt/s/brasoes/0711.png
2,0712,Vendas Novas,https://upload.wikimedia.org/wikipedia/commons/thumb/1/10/VND1.png/100px-VND1.png,VND,https://pt.wikipedia.org/wiki/Vendas_Novas,https://dados.gov.pt/s/brasoes/0712.png
2,0713,Viana do Alentejo,https://upload.wikimedia.org/wikipedia/commons/thumb/c/c1/VNT.png/100px-VNT.png,VNT,https://pt.wikipedia.org/wiki/Viana_do_Alentejo,https://dados.gov.pt/s/brasoes/0713.png
2,0714,Vila Viçosa,https://upload.wikimedia.org/wikipedia/commons/thumb/5/57/VVC.png/100px-VVC.png,VVC,https://pt.wikipedia.org/wiki/Vila_Vi%C3%A7osa,https://dados.gov.pt/s/brasoes/0714.png
2,0801,Albufeira,https://upload.wikimedia.org/wikipedia/commons/thumb/a/a6/COA_of_Albufeira_municipality_%28Portugal%29.png/100px-COA_of_Albufeira_municipality_%28Portugal%29.png,ABF,https://pt.wikipedia.org/wiki/Albufeira,https://dados.gov.pt/s/brasoes/0801.png
2,0802,Alcoutim,https://upload.wikimedia.org/wikipedia/commons/thumb/8/85/Alcoutim_municipality_coat_of_arms.png/100px-Alcoutim_municipality_coat_of_arms.png,ACT,https://pt.wikipedia.org/wiki/Alcoutim,https://dados.gov.pt/s/brasoes/0802.png
2,0803,Aljezur,https://upload.wikimedia.org/wikipedia/commons/thumb/5/58/COA_of_Aljezur_municipality_%28Portugal%29.png/100px-COA_of_Aljezur_municipality_%28Portugal%29.png,AJZ,https://pt.wikipedia.org/wiki/Aljezur,https://dados.gov.pt/s/brasoes/0803.png
2,0804,Castro Marim,https://upload.wikimedia.org/wikipedia/commons/thumb/a/ab/COA_of_Castro_Marim_municipality_%28Portugal%29.png/100px-COA_of_Castro_Marim_municipality_%28Portugal%29.png,CTM,https://pt.wikipedia.org/wiki/Castro_Marim,https://dados.gov.pt/s/brasoes/0804.png
2,0805,Faro,https://upload.wikimedia.org/wikipedia/commons/thumb/a/a7/FAR.png/100px-FAR.png,FAR,https://pt.wikipedia.org/wiki/Faro,https://dados.gov.pt/s/brasoes/0805.png
2,0806,Lagoa,https://upload.wikimedia.org/wikipedia/commons/thumb/9/94/Lagoa%2C_A%C3%A7ores_%28bras%C3%A3o%29.png/100px-Lagoa%2C_A%C3%A7ores_%28bras%C3%A3o%29.png,LAG,https://pt.wikipedia.org/wiki/Lagoa_(A%C3%A7ores),https://dados.gov.pt/s/brasoes/0806.png
2,0807,Lagos,https://upload.wikimedia.org/wikipedia/commons/thumb/2/28/LGS.png/100px-LGS.png,LGS,https://pt.wikipedia.org/wiki/Lagos_(Portugal),https://dados.gov.pt/s/brasoes/0807.png
2,0808,Loulé,https://upload.wikimedia.org/wikipedia/commons/thumb/7/79/COA_of_Loul%C3%A9_municipality_%28Portugal%29.png/100px-COA_of_Loul%C3%A9_municipality_%28Portugal%29.png,LLE,https://pt.wikipedia.org/wiki/Loul%C3%A9,https://dados.gov.pt/s/brasoes/0808.png
2,0809,Monchique,https://upload.wikimedia.org/wikipedia/commons/thumb/a/a2/Crest_of_Monchique%2C_Portugal.png/100px-Crest_of_Monchique%2C_Portugal.png,MCQ,https://pt.wikipedia.org/wiki/Monchique,https://dados.gov.pt/s/brasoes/0809.png
2,0810,Olhão,https://upload.wikimedia.org/wikipedia/commons/thumb/e/e7/OLH2.png/100px-OLH2.png,OLH,https://pt.wikipedia.org/wiki/Olh%C3%A3o_da_Restaura%C3%A7%C3%A3o,https://dados.gov.pt/s/brasoes/0810.png
2,0811,Portimão,https://upload.wikimedia.org/wikipedia/commons/thumb/8/80/COA_of_Portim%C3%A3o_municipality_%28Portugal%29.png/100px-COA_of_Portim%C3%A3o_municipality_%28Portugal%29.png,PTM,https://pt.wikipedia.org/wiki/Portim%C3%A3o,https://dados.gov.pt/s/brasoes/0811.png
2,0812,São Brás de Alportel,https://upload.wikimedia.org/wikipedia/commons/thumb/c/cf/COA_of_S%C3%A3o_Br%C3%A1s_de_Alportel_municipality_%28Portugal%29.png/100px-COA_of_S%C3%A3o_Br%C3%A1s_de_Alportel_municipality_%28Portugal%29.png,SBA,https://pt.wikipedia.org/wiki/S%C3%A3o_Br%C3%A1s_de_Alportel,https://dados.gov.pt/s/brasoes/0812.png
2,0813,Silves,https://upload.wikimedia.org/wikipedia/commons/thumb/e/ef/COA_of_Silves_municipality_%28Portugal%29.png/100px-COA_of_Silves_municipality_%28Portugal%29.png,SLV,https://pt.wikipedia.org/wiki/Silves_(Portugal),https://dados.gov.pt/s/brasoes/0813.png
2,0814,Tavira,https://upload.wikimedia.org/wikipedia/commons/thumb/7/71/COA_of_Tavira_municipality_%28Portugal%29.png/100px-COA_of_Tavira_municipality_%28Portugal%29.png,TVR,https://pt.wikipedia.org/wiki/Tavira,https://dados.gov.pt/s/brasoes/0814.png
2,0815,Vila do Bispo,https://upload.wikimedia.org/wikipedia/commons/thumb/2/27/COA_of_Vila_do_Bispo_municipality_%28Portugal%29.png/100px-COA_of_Vila_do_Bispo_municipality_%28Portugal%29.png,VBP,https://pt.wikipedia.org/wiki/Vila_do_Bispo,https://dados.gov.pt/s/brasoes/0815.png
2,0816,Vila Real de Santo António,https://upload.wikimedia.org/wikipedia/commons/thumb/3/38/COA_of_Vila_Real_de_Santo_Ant%C3%B3nio_municipality_%28Portugal%29.png/100px-COA_of_Vila_Real_de_Santo_Ant%C3%B3nio_municipality_%28Portugal%29.png,VRS,https://pt.wikipedia.org/wiki/Vila_Real_de_Santo_Ant%C3%B3nio,https://dados.gov.pt/s/brasoes/0816.png
2,0901,Aguiar da Beira,https://upload.wikimedia.org/wikipedia/commons/thumb/c/c1/AGB.png/100px-AGB.png,AGB,https://pt.wikipedia.org/wiki/Aguiar_da_Beira,https://dados.gov.pt/s/brasoes/0901.png
2,0902,Almeida,https://upload.wikimedia.org/wikipedia/commons/thumb/e/ee/ALD.png/100px-ALD.png,ALD,https://pt.wikipedia.org/wiki/Almeida,https://dados.gov.pt/s/brasoes/0902.png
2,0903,Celorico da Beira,https://upload.wikimedia.org/wikipedia/commons/thumb/0/05/CLB.png/100px-CLB.png,CLB,https://pt.wikipedia.org/wiki/Celorico_da_Beira,https://dados.gov.pt/s/brasoes/0903.png
2,0904,Figueira de Castelo Rodrigo,https://upload.wikimedia.org/wikipedia/commons/thumb/4/43/FCR.png/100px-FCR.png,FCR,https://pt.wikipedia.org/wiki/Figueira_de_Castelo_Rodrigo,https://dados.gov.pt/s/brasoes/0904.png
2,0905,Fornos de Algodres,https://upload.wikimedia.org/wikipedia/commons/thumb/6/6a/FAG.png/100px-FAG.png,FAG,https://pt.wikipedia.org/wiki/Fornos_de_Algodres,https://dados.gov.pt/s/brasoes/0905.png
2,0906,Gouveia,https://upload.wikimedia.org/wikipedia/commons/thumb/9/91/GVA1.png/100px-GVA1.png,GVA,https://pt.wikipedia.org/wiki/Gouveia_(Portugal),https://dados.gov.pt/s/brasoes/0906.png
2,0907,Guarda,https://upload.wikimedia.org/wikipedia/commons/thumb/0/0e/GRD.png/100px-GRD.png,GRD,https://pt.wikipedia.org/wiki/Guarda,https://dados.gov.pt/s/brasoes/0907.png
2,0908,Manteigas,https://upload.wikimedia.org/wikipedia/commons/thumb/d/dc/MTG.png/100px-MTG.png,MTG,https://pt.wikipedia.org/wiki/Manteigas,https://dados.gov.pt/s/brasoes/0908.png
2,0909,Mêda,https://upload.wikimedia.org/wikipedia/commons/thumb/8/8c/MDA-m%C3%AAda.JPG/100px-MDA-m%C3%AAda.JPG,MED,https://pt.wikipedia.org/wiki/M%C3%AAda,https://dados.gov.pt/s/brasoes/0909.png
2,0910,Pinhel,https://upload.wikimedia.org/wikipedia/commons/thumb/0/01/PNH.png/100px-PNH.png,PNH,https://pt.wikipedia.org/wiki/Pinhel,https://dados.gov.pt/s/brasoes/0910.png
2,0911,Sabugal,https://upload.wikimedia.org/wikipedia/commons/thumb/5/58/SBG.png/100px-SBG.png,SBG,https://pt.wikipedia.org/wiki/Sabugal,https://dados.gov.pt/s/brasoes/0911.png
2,0912,Seia,https://upload.wikimedia.org/wikipedia/commons/thumb/b/b7/SEI1.png/100px-SEI1.png,SEI,https://pt.wikipedia.org/wiki/Seia,https://dados.gov.pt/s/brasoes/0912.png
2,0913,Trancoso,https://upload.wikimedia.org/wikipedia/commons/thumb/3/3a/TCS.png/100px-TCS.png,TCS,https://pt.wikipedia.org/wiki/Trancoso,https://dados.gov.pt/s/brasoes/0913.png
2,0914,Vila Nova de Foz Côa,https://upload.wikimedia.org/wikipedia/commons/thumb/7/7f/VLF1.png/100px-VLF1.png,VLF,https://pt.wikipedia.org/wiki/Vila_Nova_de_Foz_C%C3%B4a,https://dados.gov.pt/s/brasoes/0914.png
2,1001,Alcobaça,https://upload.wikimedia.org/wikipedia/commons/thumb/a/ae/ACB1.png/100px-ACB1.png,ACB,https://pt.wikipedia.org/wiki/Alcoba%C3%A7a_(Portugal),https://dados.gov.pt/s/brasoes/1001.png
2,1002,Alvaiázere,https://upload.wikimedia.org/wikipedia/commons/thumb/4/46/AVZ.png/100px-AVZ.png,AVZ,https://pt.wikipedia.org/wiki/Alvai%C3%A1zere,https://dados.gov.pt/s/brasoes/1002.png
2,1003,Ansião,https://upload.wikimedia.org/wikipedia/commons/thumb/0/0c/Crest_of_Ansi%C3%A3o_%28Portugal%29.png/100px-Crest_of_Ansi%C3%A3o_%28Portugal%29.png,ANS,https://pt.wikipedia.org/wiki/Ansi%C3%A3o,https://dados.gov.pt/s/brasoes/1003.png
2,1004,Batalha,https://upload.wikimedia.org/wikipedia/commons/thumb/7/76/BTL.png/100px-BTL.png,BTL,https://pt.wikipedia.org/wiki/Batalha_(Portugal),https://dados.gov.pt/s/brasoes/1004.png
2,1005,Bombarral,https://upload.wikimedia.org/wikipedia/commons/thumb/5/52/BBR.png/100px-BBR.png,BBR,https://pt.wikipedia.org/wiki/Bombarral,https://dados.gov.pt/s/brasoes/1005.png
2,1006,Caldas da Rainha,https://upload.wikimedia.org/wikipedia/commons/thumb/b/b6/CLD.png/100px-CLD.png,CLD,https://pt.wikipedia.org/wiki/Caldas_da_Rainha,https://dados.gov.pt/s/brasoes/1006.png
2,1007,Castanheira de Pêra,https://upload.wikimedia.org/wikipedia/commons/thumb/c/cd/CPR.png/100px-CPR.png,CPR,https://pt.wikipedia.org/wiki/Castanheira_de_Pera,https://dados.gov.pt/s/brasoes/1007.png
2,1008,Figueiró dos Vinhos,https://upload.wikimedia.org/wikipedia/commons/thumb/e/ed/FVN.png/100px-FVN.png,FVN,https://pt.wikipedia.org/wiki/Figueir%C3%B3_dos_Vinhos,https://dados.gov.pt/s/brasoes/1008.png
2,1009,Leiria,https://upload.wikimedia.org/wikipedia/commons/thumb/6/6f/LRA.png/100px-LRA.png,LRA,https://pt.wikipedia.org/wiki/Leiria,https://dados.gov.pt/s/brasoes/1009.png
2,1010,Marinha Grande,https://upload.wikimedia.org/wikipedia/commons/thumb/a/a4/MGR1.png/100px-MGR1.png,MGR,https://pt.wikipedia.org/wiki/Marinha_Grande,https://dados.gov.pt/s/brasoes/1010.png
2,1011,Nazaré,https://upload.wikimedia.org/wikipedia/commons/thumb/0/05/NZR.png/100px-NZR.png,NZR,https://pt.wikipedia.org/wiki/Nazar%C3%A9_(Portugal),https://dados.gov.pt/s/brasoes/1011.png
2,1012,Óbidos,https://upload.wikimedia.org/wikipedia/commons/thumb/a/a5/OBD.png/100px-OBD.png,OBD,https://pt.wikipedia.org/wiki/%C3%93bidos_(Portugal),https://dados.gov.pt/s/brasoes/1012.png
2,1013,Pedrógão Grande,https://upload.wikimedia.org/wikipedia/commons/thumb/1/19/PGR.png/100px-PGR.png,PGR,https://pt.wikipedia.org/wiki/Pedr%C3%B3g%C3%A3o_Grande,https://dados.gov.pt/s/brasoes/1013.png
2,1014,Peniche,https://upload.wikimedia.org/wikipedia/commons/thumb/2/22/Bras%C3%A3o_de_Peniche.jpg/100px-Bras%C3%A3o_de_Peniche.jpg,,https://pt.wikipedia.org/wiki/Peniche,https://dados.gov.pt/s/brasoes/1014.png
2,1015,Pombal,https://upload.wikimedia.org/wikipedia/commons/thumb/d/d0/PBL1.png/100px-PBL1.png,PBL,https://pt.wikipedia.org/wiki/Pombal_(Portugal),https://dados.gov.pt/s/brasoes/1015.png
2,1016,Porto de Mós,https://upload.wikimedia.org/wikipedia/commons/thumb/5/57/PMS.png/100px-PMS.png,PMS,https://pt.wikipedia.org/wiki/Porto_de_M%C3%B3s,https://dados.gov.pt/s/brasoes/1016.png
2,1101,Alenquer,https://upload.wikimedia.org/wikipedia/commons/thumb/2/23/ALQ.png/100px-ALQ.png,ALQ,https://pt.wikipedia.org/wiki/Alenquer_(Portugal),https://dados.gov.pt/s/brasoes/1101.png
2,1102,Arruda dos Vinhos,https://upload.wikimedia.org/wikipedia/commons/thumb/e/e8/ARV.png/100px-ARV.png,ARV,https://pt.wikipedia.org/wiki/Arruda_dos_Vinhos,https://dados.gov.pt/s/brasoes/1102.png
2,1103,Azambuja,https://upload.wikimedia.org/wikipedia/commons/thumb/f/f6/AZB.png/100px-AZB.png,AZB,https://pt.wikipedia.org/wiki/Azambuja,https://dados.gov.pt/s/brasoes/1103.png
2,1104,Cadaval,https://upload.wikimedia.org/wikipedia/commons/thumb/e/e3/CDV.png/100px-CDV.png,CDV,https://pt.wikipedia.org/wiki/Cadaval,https://dados.gov.pt/s/brasoes/1104.png
2,1105,Cascais,https://upload.wikimedia.org/wikipedia/commons/thumb/9/95/CSC.png/100px-CSC.png,CSC,https://pt.wikipedia.org/wiki/Cascais,https://dados.gov.pt/s/brasoes/1105.png
2,1106,Lisboa,https://upload.wikimedia.org/wikipedia/commons/thumb/d/d3/LSB.png/100px-LSB.png,LSB,https://pt.wikipedia.org/wiki/Lisboa,https://dados.gov.pt/s/brasoes/1106.png
2,1107,Loures,https://upload.wikimedia.org/wikipedia/commons/thumb/3/30/LRS.png/100px-LRS.png,LRS,https://pt.wikipedia.org/wiki/Loures,https://dados.gov.pt/s/brasoes/1107.png
2,1108,Lourinhã,https://upload.wikimedia.org/wikipedia/commons/thumb/a/a1/LNH.png/100px-LNH.png,LNH,https://pt.wikipedia.org/wiki/Lourinh%C3%A3,https://dados.gov.pt/s/brasoes/1108.png
2,1109,Mafra,https://upload.wikimedia.org/wikipedia/commons/thumb/6/64/MFR.png/100px-MFR.png,MFR,https://pt.wikipedia.org/wiki/Mafra_(Portugal),https://dados.gov.pt/s/brasoes/1109.png
2,1110,Oeiras,https://upload.wikimedia.org/wikipedia/commons/thumb/f/f6/OER.png/100px-OER.png,OER,https://pt.wikipedia.org/wiki/Oeiras_(Portugal),https://dados.gov.pt/s/brasoes/1110.png
2,1111,Sintra,https://upload.wikimedia.org/wikipedia/commons/thumb/4/4f/SNT.png/100px-SNT.png,SNT,https://pt.wikipedia.org/wiki/Sintra,https://dados.gov.pt/s/brasoes/1111.png
2,1112,Sobral de Monte Agraço,https://upload.wikimedia.org/wikipedia/commons/thumb/e/e0/SMA.png/100px-SMA.png,SMA,https://pt.wikipedia.org/wiki/Sobral_de_Monte_Agra%C3%A7o,https://dados.gov.pt/s/brasoes/1112.png
2,1113,Torres Vedras,https://upload.wikimedia.org/wikipedia/commons/thumb/d/d2/TVD1.png/100px-TVD1.png,TVD,https://pt.wikipedia.org/wiki/Torres_Vedras,https://dados.gov.pt/s/brasoes/1113.png
2,1114,Vila Franca de Xira,https://upload.wikimedia.org/wikipedia/commons/thumb/6/67/VFX1.png/100px-VFX1.png,VFX,https://pt.wikipedia.org/wiki/Vila_Franca_de_Xira,https://dados.gov.pt/s/brasoes/1114.png
2,1115,Amadora,https://upload.wikimedia.org/wikipedia/commons/thumb/5/57/Cidade_da_Amadora.png/100px-Cidade_da_Amadora.png,AMD,https://pt.wikipedia.org/wiki/Amadora,https://dados.gov.pt/s/brasoes/1115.png
2,1116,Odivelas,https://upload.wikimedia.org/wikipedia/commons/thumb/a/aa/Odivelas_bras%C3%A3o-1.jpg/100px-Odivelas_bras%C3%A3o-1.jpg,ODV,https://pt.wikipedia.org/wiki/Odivelas,https://dados.gov.pt/s/brasoes/1116.png
2,1201,Alter do Chão,https://upload.wikimedia.org/wikipedia/commons/thumb/5/51/ALT.png/100px-ALT.png,ALT,https://pt.wikipedia.org/wiki/Alter_do_Ch%C3%A3o,https://dados.gov.pt/s/brasoes/1201.png
2,1202,Arronches,https://upload.wikimedia.org/wikipedia/commons/thumb/5/52/ARR.png/100px-ARR.png,ARR,https://pt.wikipedia.org/wiki/Arronches,https://dados.gov.pt/s/brasoes/1202.png
2,1203,Avis,https://upload.wikimedia.org/wikipedia/commons/thumb/c/c7/AVS.png/100px-AVS.png,AVS,https://pt.wikipedia.org/wiki/Avis,https://dados.gov.pt/s/brasoes/1203.png
2,1204,Campo Maior,https://upload.wikimedia.org/wikipedia/commons/thumb/f/f7/CMR.png/100px-CMR.png,CMR,https://pt.wikipedia.org/wiki/Campo_Maior_(Portugal),https://dados.gov.pt/s/brasoes/1204.png
2,1205,Castelo de Vide,https://upload.wikimedia.org/wikipedia/commons/thumb/7/7c/CVD.png/100px-CVD.png,CVD,https://pt.wikipedia.org/wiki/Castelo_de_Vide,https://dados.gov.pt/s/brasoes/1205.png
2,1206,Crato,https://upload.wikimedia.org/wikipedia/commons/thumb/b/b2/Crest_of_Crato_municipality_%28Portugal%29.png/100px-Crest_of_Crato_municipality_%28Portugal%29.png,CRT,https://pt.wikipedia.org/wiki/Crato_(Portugal),https://dados.gov.pt/s/brasoes/1206.png
2,1207,Elvas,https://upload.wikimedia.org/wikipedia/commons/thumb/a/a9/ELV.png/100px-ELV.png,ELV,https://pt.wikipedia.org/wiki/Elvas,https://dados.gov.pt/s/brasoes/1207.png
2,1208,Fronteira,https://upload.wikimedia.org/wikipedia/commons/thumb/3/39/FTR.png/100px-FTR.png,FTR,https://pt.wikipedia.org/wiki/Fronteira_(Portugal),https://dados.gov.pt/s/brasoes/1208.png
2,1209,Gavião,https://upload.wikimedia.org/wikipedia/commons/thumb/6/67/GAV.png/100px-GAV.png,GAV,https://pt.wikipedia.org/wiki/Gavi%C3%A3o_(Portugal),https://dados.gov.pt/s/brasoes/1209.png
2,1210,Marvão,https://upload.wikimedia.org/wikipedia/commons/thumb/9/9c/MRV.png/100px-MRV.png,MRV,https://pt.wikipedia.org/wiki/Marv%C3%A3o,https://dados.gov.pt/s/brasoes/1210.png
2,1211,Monforte,https://upload.wikimedia.org/wikipedia/commons/thumb/f/fe/MFT.png/100px-MFT.png,MFT,https://pt.wikipedia.org/wiki/Monforte,https://dados.gov.pt/s/brasoes/1211.png
2,1212,Nisa,https://upload.wikimedia.org/wikipedia/commons/thumb/8/8f/NIS.png/100px-NIS.png,NIS,https://pt.wikipedia.org/wiki/Nisa,https://dados.gov.pt/s/brasoes/1212.png
2,1213,Ponte de Sor,https://upload.wikimedia.org/wikipedia/commons/thumb/8/85/PSR.png/100px-PSR.png,PSR,https://pt.wikipedia.org/wiki/Ponte_de_Sor,https://dados.gov.pt/s/brasoes/1213.png
2,1214,Portalegre,https://upload.wikimedia.org/wikipedia/commons/thumb/8/89/PTG.png/100px-PTG.png,PTG,https://pt.wikipedia.org/wiki/Portalegre_(Portugal),https://dados.gov.pt/s/brasoes/1214.png
2,1215,Sousel,https://upload.wikimedia.org/wikipedia/commons/thumb/2/2f/Crest_of_Sousel_municipality_%28Portugal%29.png/100px-Crest_of_Sousel_municipality_%28Portugal%29.png,SSL,https://pt.wikipedia.org/wiki/Sousel,https://dados.gov.pt/s/brasoes/1215.png
2,1301,Amarante,https://upload.wikimedia.org/wikipedia/commons/thumb/6/66/AMT1.png/100px-AMT1.png,AMT,https://pt.wikipedia.org/wiki/Amarante_(Portugal),https://dados.gov.pt/s/brasoes/1301.png
2,1302,Baião,https://upload.wikimedia.org/wikipedia/commons/thumb/c/c9/BAO1.png/100px-BAO1.png,BAO,https://pt.wikipedia.org/wiki/Bai%C3%A3o_(Portugal),https://dados.gov.pt/s/brasoes/1302.png
2,1303,Felgueiras,https://upload.wikimedia.org/wikipedia/commons/thumb/4/42/FLG1.png/100px-FLG1.png,FLG,https://pt.wikipedia.org/wiki/Felgueiras,https://dados.gov.pt/s/brasoes/1303.png
2,1304,Gondomar,https://upload.wikimedia.org/wikipedia/commons/thumb/c/c0/GDM1.png/100px-GDM1.png,GDM,https://pt.wikipedia.org/wiki/Gondomar,https://dados.gov.pt/s/brasoes/1304.png
2,1305,Lousada,https://upload.wikimedia.org/wikipedia/commons/thumb/f/f0/LOU.png/100px-LOU.png,LOU,https://pt.wikipedia.org/wiki/Lousada,https://dados.gov.pt/s/brasoes/1305.png
2,1306,Maia,https://upload.wikimedia.org/wikipedia/commons/thumb/f/fd/MAI1.png/100px-MAI1.png,MAI,https://pt.wikipedia.org/wiki/Maia,https://dados.gov.pt/s/brasoes/1306.png
2,1307,Marco de Canaveses,https://upload.wikimedia.org/wikipedia/commons/thumb/b/b8/MCN2.png/100px-MCN2.png,MCN,https://pt.wikipedia.org/wiki/Marco_de_Canaveses,https://dados.gov.pt/s/brasoes/1307.png
2,1308,Matosinhos,https://upload.wikimedia.org/wikipedia/commons/thumb/3/3f/MTS1.png/100px-MTS1.png,MTS,https://pt.wikipedia.org/wiki/Matosinhos,https://dados.gov.pt/s/brasoes/1308.png
2,1309,Paços de Ferreira,https://upload.wikimedia.org/wikipedia/commons/thumb/f/fd/PFR1.png/100px-PFR1.png,PFR,https://pt.wikipedia.org/wiki/Pa%C3%A7os_de_Ferreira,https://dados.gov.pt/s/brasoes/1309.png
2,1310,Paredes,https://upload.wikimedia.org/wikipedia/commons/thumb/8/80/PRD1.png/100px-PRD1.png,PRD,https://pt.wikipedia.org/wiki/Paredes,https://dados.gov.pt/s/brasoes/1310.png
2,1311,Penafiel,https://upload.wikimedia.org/wikipedia/commons/thumb/f/f9/PNF.png/100px-PNF.png,PNF,https://pt.wikipedia.org/wiki/Penafiel,https://dados.gov.pt/s/brasoes/1311.png
2,1312,Porto,https://upload.wikimedia.org/wikipedia/commons/thumb/9/9d/PRT.png/100px-PRT.png,PRT,https://pt.wikipedia.org/wiki/Porto,https://dados.gov.pt/s/brasoes/1312.png
2,1313,Póvoa de Varzim,https://upload.wikimedia.org/wikipedia/commons/thumb/e/e4/PVZ2.png/100px-PVZ2.png,PVZ,https://pt.wikipedia.org/wiki/P%C3%B3voa_de_Varzim,https://dados.gov.pt/s/brasoes/1313.png
2,1314,Santo Tirso,https://upload.wikimedia.org/wikipedia/commons/thumb/2/25/STS1.png/100px-STS1.png,STS,https://pt.wikipedia.org/wiki/Santo_Tirso,https://dados.gov.pt/s/brasoes/1314.png
2,1315,Valongo,https://upload.wikimedia.org/wikipedia/commons/thumb/b/b4/VLG1.png/100px-VLG1.png,VLG,https://pt.wikipedia.org/wiki/Valongo,https://dados.gov.pt/s/brasoes/1315.png
2,1316,Vila do Conde,https://upload.wikimedia.org/wikipedia/commons/thumb/5/57/VCD1.png/100px-VCD1.png,VCD,https://pt.wikipedia.org/wiki/Vila_do_Conde,https://dados.gov.pt/s/brasoes/1316.png
2,1317,Vila Nova de Gaia,https://upload.wikimedia.org/wikipedia/commons/thumb/9/98/VNG1.png/100px-VNG1.png,VNG,https://pt.wikipedia.org/wiki/Vila_Nova_de_Gaia,https://dados.gov.pt/s/brasoes/1317.png
2,1318,Trofa,https://upload.wikimedia.org/wikipedia/commons/thumb/e/eb/TRF.png/100px-TRF.png,TRF,https://pt.wikipedia.org/wiki/Trofa,https://dados.gov.pt/s/brasoes/1318.png
2,1401,Abrantes,https://upload.wikimedia.org/wikipedia/commons/thumb/d/d2/ABT.png/100px-ABT.png,ABT,https://pt.wikipedia.org/wiki/Abrantes,https://dados.gov.pt/s/brasoes/1401.png
2,1402,Alcanena,https://upload.wikimedia.org/wikipedia/commons/thumb/7/7f/ACN.png/100px-ACN.png,ACN,https://pt.wikipedia.org/wiki/Alcanena,https://dados.gov.pt/s/brasoes/1402.png
2,1403,Almeirim,https://upload.wikimedia.org/wikipedia/commons/thumb/e/e1/ALR1.png/100px-ALR1.png,ALR,https://pt.wikipedia.org/wiki/Almeirim_(Portugal),https://dados.gov.pt/s/brasoes/1403.png
2,1404,Alpiarça,https://upload.wikimedia.org/wikipedia/commons/thumb/9/9b/APC.png/100px-APC.png,APC,https://pt.wikipedia.org/wiki/Alpiar%C3%A7a,https://dados.gov.pt/s/brasoes/1404.png
2,1405,Benavente,https://upload.wikimedia.org/wikipedia/commons/thumb/e/e7/BNV.png/100px-BNV.png,BNV,https://pt.wikipedia.org/wiki/Benavente_(Portugal),https://dados.gov.pt/s/brasoes/1405.png
2,1406,Cartaxo,https://upload.wikimedia.org/wikipedia/commons/thumb/7/7a/CTX1.png/100px-CTX1.png,CTX,https://pt.wikipedia.org/wiki/Cartaxo,https://dados.gov.pt/s/brasoes/1406.png
2,1407,Chamusca,https://upload.wikimedia.org/wikipedia/commons/thumb/0/08/CHM.png/100px-CHM.png,CHM,https://pt.wikipedia.org/wiki/Chamusca,https://dados.gov.pt/s/brasoes/1407.png
2,1408,Constância,https://upload.wikimedia.org/wikipedia/commons/thumb/0/02/CNS.png/100px-CNS.png,CNS,https://pt.wikipedia.org/wiki/Const%C3%A2ncia_(Portugal),https://dados.gov.pt/s/brasoes/1408.png
2,1409,Coruche,https://upload.wikimedia.org/wikipedia/commons/thumb/f/f0/CCH.png/100px-CCH.png,CCH,https://pt.wikipedia.org/wiki/Coruche,https://dados.gov.pt/s/brasoes/1409.png
2,1410,Entroncamento,https://upload.wikimedia.org/wikipedia/commons/thumb/1/18/ENT1.png/100px-ENT1.png,ENT,https://pt.wikipedia.org/wiki/Entroncamento,https://dados.gov.pt/s/brasoes/1410.png
2,1411,Ferreira do Zêzere,https://upload.wikimedia.org/wikipedia/commons/thumb/4/44/FZZ.png/100px-FZZ.png,FZZ,https://pt.wikipedia.org/wiki/Ferreira_do_Z%C3%AAzere,https://dados.gov.pt/s/brasoes/1411.png
2,1412,Golegã,https://upload.wikimedia.org/wikipedia/commons/thumb/1/18/GLG.png/100px-GLG.png,GLG,https://pt.wikipedia.org/wiki/Goleg%C3%A3,https://dados.gov.pt/s/brasoes/1412.png
2,1413,Mação,https://upload.wikimedia.org/wikipedia/commons/thumb/7/7c/MAC.png/100px-MAC.png,MAC,https://pt.wikipedia.org/wiki/Ma%C3%A7%C3%A3o,https://dados.gov.pt/s/brasoes/1413.png
2,1414,Rio Maior,https://upload.wikimedia.org/wikipedia/commons/thumb/f/fc/RMR1.png/100px-RMR1.png,RMR,https://pt.wikipedia.org/wiki/Rio_Maior,https://dados.gov.pt/s/brasoes/1414.png
2,1415,Salvaterra de Magos,https://upload.wikimedia.org/wikipedia/commons/thumb/d/d6/SMG.png/100px-SMG.png,SMG,https://pt.wikipedia.org/wiki/Salvaterra_de_Magos,https://dados.gov.pt/s/brasoes/1415.png
2,1416,Santarém,https://upload.wikimedia.org/wikipedia/commons/thumb/3/37/STR.png/100px-STR.png,STR,https://pt.wikipedia.org/wiki/Santar%C3%A9m_(Portugal),https://dados.gov.pt/s/brasoes/1416.png
2,1417,Sardoal,https://upload.wikimedia.org/wikipedia/commons/thumb/b/b0/SRD.png/100px-SRD.png,SRD,https://pt.wikipedia.org/wiki/Sardoal,https://dados.gov.pt/s/brasoes/1417.png
2,1418,Tomar,https://upload.wikimedia.org/wikipedia/commons/thumb/0/04/TMR.png/100px-TMR.png,TMR,https://pt.wikipedia.org/wiki/Tomar,https://dados.gov.pt/s/brasoes/1418.png
2,1419,Torres Novas,https://upload.wikimedia.org/wikipedia/commons/thumb/6/6b/TNV1.png/100px-TNV1.png,TNV,https://pt.wikipedia.org/wiki/Torres_Novas,https://dados.gov.pt/s/brasoes/1419.png
2,1420,Vila Nova da Barquinha,https://upload.wikimedia.org/wikipedia/commons/thumb/3/37/VNB.png/100px-VNB.png,VNB,https://pt.wikipedia.org/wiki/Vila_Nova_da_Barquinha,https://dados.gov.pt/s/brasoes/1420.png
2,1421,Ourém,https://upload.wikimedia.org/wikipedia/commons/thumb/4/4e/VNO1.png/100px-VNO1.png,ORM,https://pt.wikipedia.org/wiki/Our%C3%A9m_(Portugal),https://dados.gov.pt/s/brasoes/1421.png
2,1501,Alcácer do Sal,https://upload.wikimedia.org/wikipedia/commons/thumb/d/d1/ASL1.png/100px-ASL1.png,ASL,https://pt.wikipedia.org/wiki/Alc%C3%A1cer_do_Sal,https://dados.gov.pt/s/brasoes/1501.png
2,1502,Alcochete,https://upload.wikimedia.org/wikipedia/commons/thumb/3/3f/Vila_de_Alcochete_%28bras%C3%A3o%29.png/100px-Vila_de_Alcochete_%28bras%C3%A3o%29.png,ACH,https://pt.wikipedia.org/wiki/Alcochete,https://dados.gov.pt/s/brasoes/1502.png
2,1503,Almada,https://upload.wikimedia.org/wikipedia/commons/thumb/d/d5/ALM1.png/100px-ALM1.png,ALM,https://pt.wikipedia.org/wiki/Almada,https://dados.gov.pt/s/brasoes/1503.png
2,1504,Barreiro,https://upload.wikimedia.org/wikipedia/commons/thumb/b/b0/BRR1.png/100px-BRR1.png,BRR,https://pt.wikipedia.org/wiki/Barreiro,https://dados.gov.pt/s/brasoes/1504.png
2,1505,Grândola,https://upload.wikimedia.org/wikipedia/commons/thumb/7/7b/GDL.png/100px-GDL.png,GDL,https://pt.wikipedia.org/wiki/Gr%C3%A2ndola,https://dados.gov.pt/s/brasoes/1505.png
2,1506,Moita,https://upload.wikimedia.org/wikipedia/commons/thumb/5/5c/MTA.png/100px-MTA.png,MTA,https://pt.wikipedia.org/wiki/Moita,https://dados.gov.pt/s/brasoes/1506.png
2,1507,Montijo,https://upload.wikimedia.org/wikipedia/commons/thumb/1/11/MTJ.png/100px-MTJ.png,MTJ,https://pt.wikipedia.org/wiki/Montijo,https://dados.gov.pt/s/brasoes/1507.png
2,1508,Palmela,https://upload.wikimedia.org/wikipedia/commons/thumb/6/6f/PLM.png/100px-PLM.png,PLM,https://pt.wikipedia.org/wiki/Palmela,https://dados.gov.pt/s/brasoes/1508.png
2,1509,Santiago do Cacém,https://upload.wikimedia.org/wikipedia/commons/thumb/2/20/STC1.png/100px-STC1.png,STC,https://pt.wikipedia.org/wiki/Santiago_do_Cac%C3%A9m,https://dados.gov.pt/s/brasoes/1509.png
2,1510,Seixal,https://upload.wikimedia.org/wikipedia/commons/thumb/4/45/SXL1.png/100px-SXL1.png,SXL,https://pt.wikipedia.org/wiki/Seixal,https://dados.gov.pt/s/brasoes/1510.png
2,1511,Sesimbra,https://upload.wikimedia.org/wikipedia/commons/thumb/8/8d/SSB.png/100px-SSB.png,SSB,https://pt.wikipedia.org/wiki/Sesimbra,https://dados.gov.pt/s/brasoes/1511.png
2,1512,Setúbal,https://upload.wikimedia.org/wikipedia/commons/thumb/0/0a/STB.png/100px-STB.png,STB,https://pt.wikipedia.org/wiki/Set%C3%BAbal,https://dados.gov.pt/s/brasoes/1512.png
2,1513,Sines,https://upload.wikimedia.org/wikipedia/commons/thumb/0/0c/SNS1.png/100px-SNS1.png,SNS,https://pt.wikipedia.org/wiki/Sines,https://dados.gov.pt/s/brasoes/1513.png
2,1601,Arcos de Valdevez,https://upload.wikimedia.org/wikipedia/commons/thumb/6/6a/AVV_-_Arcos_de_Valdevez.png/100px-AVV_-_Arcos_de_Valdevez.png,AVV,https://pt.wikipedia.org/wiki/Arcos_de_Valdevez,https://dados.gov.pt/s/brasoes/1601.png
2,1602,Caminha,https://upload.wikimedia.org/wikipedia/commons/thumb/c/c0/CMN.png/100px-CMN.png,CMN,https://pt.wikipedia.org/wiki/Caminha,https://dados.gov.pt/s/brasoes/1602.png
2,1603,Melgaço,https://upload.wikimedia.org/wikipedia/commons/thumb/0/0b/MLG.png/100px-MLG.png,MLG,https://pt.wikipedia.org/wiki/Melga%C3%A7o_(Portugal),https://dados.gov.pt/s/brasoes/1603.png
2,1604,Monção,https://upload.wikimedia.org/wikipedia/commons/thumb/a/a9/MNC.png/100px-MNC.png,MNC,https://pt.wikipedia.org/wiki/Mon%C3%A7%C3%A3o_(Portugal),https://dados.gov.pt/s/brasoes/1604.png
2,1605,Paredes de Coura,https://upload.wikimedia.org/wikipedia/commons/thumb/5/5e/PCR.png/100px-PCR.png,PCR,https://pt.wikipedia.org/wiki/Paredes_de_Coura,https://dados.gov.pt/s/brasoes/1605.png
2,1606,Ponte da Barca,https://upload.wikimedia.org/wikipedia/commons/thumb/f/ff/PTB.png/100px-PTB.png,PTB,https://pt.wikipedia.org/wiki/Ponte_da_Barca,https://dados.gov.pt/s/brasoes/1606.png
2,1607,Ponte de Lima,https://upload.wikimedia.org/wikipedia/commons/thumb/2/2e/PTL.png/100px-PTL.png,PTL,https://pt.wikipedia.org/wiki/Ponte_de_Lima,https://dados.gov.pt/s/brasoes/1607.png
2,1608,Valença,https://upload.wikimedia.org/wikipedia/commons/thumb/1/19/VLC.png/100px-VLC.png,VLN,https://pt.wikipedia.org/wiki/Valen%C3%A7a_(Portugal),https://dados.gov.pt/s/brasoes/1608.png
2,1609,Viana do Castelo,https://upload.wikimedia.org/wikipedia/commons/thumb/7/75/VCT.png/100px-VCT.png,VCT,https://pt.wikipedia.org/wiki/Viana_do_Castelo,https://dados.gov.pt/s/brasoes/1609.png
2,1610,Vila Nova de Cerveira,https://upload.wikimedia.org/wikipedia/commons/thumb/9/92/VNC.png/100px-VNC.png,VNC,https://pt.wikipedia.org/wiki/Vila_Nova_de_Cerveira,https://dados.gov.pt/s/brasoes/1610.png
2,1701,Alijó,https://upload.wikimedia.org/wikipedia/commons/thumb/6/68/Bras%C3%A3o_de_armas_-_Alij%C3%B3%2C_Portugal.png/100px-Bras%C3%A3o_de_armas_-_Alij%C3%B3%2C_Portugal.png,ALJ,https://pt.wikipedia.org/wiki/Alij%C3%B3,https://dados.gov.pt/s/brasoes/1701.png
2,1702,Boticas,https://upload.wikimedia.org/wikipedia/commons/thumb/d/d4/BTC.png/100px-BTC.png,BTC,https://pt.wikipedia.org/wiki/Boticas,https://dados.gov.pt/s/brasoes/1702.png
2,1703,Chaves,https://upload.wikimedia.org/wikipedia/commons/thumb/f/f8/Bras%C3%A3o_de_Chaves.png/100px-Bras%C3%A3o_de_Chaves.png,CHV,https://pt.wikipedia.org/wiki/Chaves_(Portugal),https://dados.gov.pt/s/brasoes/1703.png
2,1704,Mesão Frio,https://upload.wikimedia.org/wikipedia/commons/thumb/0/09/MSF.png/100px-MSF.png,MSF,https://pt.wikipedia.org/wiki/Mes%C3%A3o_Frio,https://dados.gov.pt/s/brasoes/1704.png
2,1705,Mondim de Basto,https://upload.wikimedia.org/wikipedia/commons/thumb/a/a9/MDB.png/100px-MDB.png,MDB,https://pt.wikipedia.org/wiki/Mondim_de_Basto,https://dados.gov.pt/s/brasoes/1705.png
2,1706,Montalegre,https://upload.wikimedia.org/wikipedia/commons/thumb/4/4b/MTR.png/100px-MTR.png,MTR,https://pt.wikipedia.org/wiki/Montalegre,https://dados.gov.pt/s/brasoes/1706.png
2,1707,Murça,https://upload.wikimedia.org/wikipedia/commons/thumb/3/37/Crest_of_Mur%C3%A7a_municipality_%28Portugal%29.png/100px-Crest_of_Mur%C3%A7a_municipality_%28Portugal%29.png,MUR,https://pt.wikipedia.org/wiki/Mur%C3%A7a,https://dados.gov.pt/s/brasoes/1707.png
2,1708,Peso da Régua,https://upload.wikimedia.org/wikipedia/commons/thumb/7/70/PRG.png/100px-PRG.png,PRG,https://pt.wikipedia.org/wiki/Peso_da_R%C3%A9gua,https://dados.gov.pt/s/brasoes/1708.png
2,1709,Ribeira de Pena,https://upload.wikimedia.org/wikipedia/commons/thumb/d/d8/RPN.png/100px-RPN.png,RPN,https://pt.wikipedia.org/wiki/Ribeira_de_Pena,https://dados.gov.pt/s/brasoes/1709.png
2,1710,Sabrosa,https://upload.wikimedia.org/wikipedia/commons/thumb/f/f4/SBS.png/100px-SBS.png,SBS,https://pt.wikipedia.org/wiki/Sabrosa,https://dados.gov.pt/s/brasoes/1710.png
2,1711,Santa Marta de Penaguião,https://upload.wikimedia.org/wikipedia/commons/thumb/a/af/SMP.png/100px-SMP.png,SMP,https://pt.wikipedia.org/wiki/Santa_Marta_de_Penagui%C3%A3o,https://dados.gov.pt/s/brasoes/1711.png
2,1712,Valpaços,https://upload.wikimedia.org/wikipedia/commons/thumb/2/28/Bras%C3%A3o_de_Valpa%C3%A7os.png/100px-Bras%C3%A3o_de_Valpa%C3%A7os.png,VLP,https://pt.wikipedia.org/wiki/Valpa%C3%A7os,https://dados.gov.pt/s/brasoes/1712.png
2,1713,Vila Pouca de Aguiar,https://upload.wikimedia.org/wikipedia/commons/thumb/a/a5/VPA.png/100px-VPA.png,VPA,https://pt.wikipedia.org/wiki/Vila_Pouca_de_Aguiar,https://dados.gov.pt/s/brasoes/1713.png
2,1714,Vila Real,https://upload.wikimedia.org/wikipedia/commons/thumb/9/99/Vila_Real_bras%C3%A3o.gif/100px-Vila_Real_bras%C3%A3o.gif,VRL,https://pt.wikipedia.org/wiki/Vila_Real,https://dados.gov.pt/s/brasoes/1714.png
2,1801,Armamar,https://upload.wikimedia.org/wikipedia/commons/thumb/a/ae/AMM.png/100px-AMM.png,AMM,https://pt.wikipedia.org/wiki/Armamar,https://dados.gov.pt/s/brasoes/1801.png
2,1802,Carregal do Sal,https://upload.wikimedia.org/wikipedia/commons/thumb/d/d0/CRS.png/100px-CRS.png,CRS,https://pt.wikipedia.org/wiki/Carregal_do_Sal,https://dados.gov.pt/s/brasoes/1802.png
2,1803,Castro Daire,https://upload.wikimedia.org/wikipedia/commons/thumb/3/33/CDR.png/100px-CDR.png,CDR,https://pt.wikipedia.org/wiki/Castro_Daire,https://dados.gov.pt/s/brasoes/1803.png
2,1804,Cinfães,https://upload.wikimedia.org/wikipedia/commons/thumb/4/4c/CNF.png/100px-CNF.png,CNF,https://pt.wikipedia.org/wiki/Cinf%C3%A3es,https://dados.gov.pt/s/brasoes/1804.png
2,1805,Lamego,https://upload.wikimedia.org/wikipedia/commons/thumb/b/bd/LMG.png/100px-LMG.png,LMG,https://pt.wikipedia.org/wiki/Lamego,https://dados.gov.pt/s/brasoes/1805.png
2,1806,Mangualde,https://upload.wikimedia.org/wikipedia/commons/thumb/b/ba/MGL1.png/100px-MGL1.png,MGL,https://pt.wikipedia.org/wiki/Mangualde,https://dados.gov.pt/s/brasoes/1806.png
2,1807,Moimenta da Beira,https://upload.wikimedia.org/wikipedia/commons/thumb/7/7d/MBR.png/100px-MBR.png,MBR,https://pt.wikipedia.org/wiki/Moimenta_da_Beira,https://dados.gov.pt/s/brasoes/1807.png
2,1808,Mortágua,https://upload.wikimedia.org/wikipedia/commons/thumb/6/61/MRT.png/100px-MRT.png,MRT,https://pt.wikipedia.org/wiki/Mort%C3%A1gua,https://dados.gov.pt/s/brasoes/1808.png
2,1809,Nelas,https://upload.wikimedia.org/wikipedia/commons/thumb/2/2c/NLS.png/100px-NLS.png,NLS,https://pt.wikipedia.org/wiki/Nelas,https://dados.gov.pt/s/brasoes/1809.png
2,1810,Oliveira de Frades,https://upload.wikimedia.org/wikipedia/commons/thumb/4/4a/OFR.png/100px-OFR.png,OFR,https://pt.wikipedia.org/wiki/Oliveira_de_Frades,https://dados.gov.pt/s/brasoes/1810.png
2,1811,Penalva do Castelo,https://upload.wikimedia.org/wikipedia/commons/thumb/a/ab/PCT1.png/100px-PCT1.png,PCT,https://pt.wikipedia.org/wiki/Penalva_do_Castelo,https://dados.gov.pt/s/brasoes/1811.png
2,1812,Penedono,https://upload.wikimedia.org/wikipedia/commons/thumb/a/ac/PND.png/100px-PND.png,PND,https://pt.wikipedia.org/wiki/Penedono,https://dados.gov.pt/s/brasoes/1812.png
2,1813,Resende,https://upload.wikimedia.org/wikipedia/commons/thumb/8/84/RSD.png/100px-RSD.png,RSD,https://pt.wikipedia.org/wiki/Resende_(Portugal),https://dados.gov.pt/s/brasoes/1813.png
2,1814,Santa Comba Dão,https://upload.wikimedia.org/wikipedia/commons/thumb/a/ab/SCD1.png/100px-SCD1.png,SCD,https://pt.wikipedia.org/wiki/Santa_Comba_D%C3%A3o,https://dados.gov.pt/s/brasoes/1814.png
2,1815,São João da Pesqueira,https://upload.wikimedia.org/wikipedia/commons/thumb/2/24/SJP.png/100px-SJP.png,SJP,https://pt.wikipedia.org/wiki/S%C3%A3o_Jo%C3%A3o_da_Pesqueira,https://dados.gov.pt/s/brasoes/1815.png
2,1816,São Pedro do Sul,https://upload.wikimedia.org/wikipedia/commons/thumb/7/7d/SPS.png/100px-SPS.png,SPS,https://pt.wikipedia.org/wiki/S%C3%A3o_Pedro_do_Sul_(Portugal),https://dados.gov.pt/s/brasoes/1816.png
2,1817,Sátão,https://upload.wikimedia.org/wikipedia/commons/thumb/8/86/SAT.png/100px-SAT.png,SAT,https://pt.wikipedia.org/wiki/S%C3%A1t%C3%A3o,https://dados.gov.pt/s/brasoes/1817.png
2,1818,Sernancelhe,https://upload.wikimedia.org/wikipedia/commons/thumb/a/ae/SRN.png/100px-SRN.png,SRN,https://pt.wikipedia.org/wiki/Sernancelhe,https://dados.gov.pt/s/brasoes/1818.png
2,1819,Tabuaço,https://upload.wikimedia.org/wikipedia/commons/thumb/3/3b/TBC.png/100px-TBC.png,TBC,https://pt.wikipedia.org/wiki/Tabua%C3%A7o,https://dados.gov.pt/s/brasoes/1819.png
2,1820,Tarouca,https://upload.wikimedia.org/wikipedia/commons/thumb/5/51/TRC.png/100px-TRC.png,TRC,https://pt.wikipedia.org/wiki/Tarouca,https://dados.gov.pt/s/brasoes/1820.png
2,1821,Tondela,https://upload.wikimedia.org/wikipedia/commons/thumb/9/9d/TND1.png/100px-TND1.png,TND,https://pt.wikipedia.org/wiki/Tondela,https://dados.gov.pt/s/brasoes/1821.png
2,1822,Vila Nova de Paiva,https://upload.wikimedia.org/wikipedia/commons/thumb/6/60/VNP.png/100px-VNP.png,VNP,https://pt.wikipedia.org/wiki/Vila_Nova_de_Paiva,https://dados.gov.pt/s/brasoes/1822.png
2,1823,Viseu,https://upload.wikimedia.org/wikipedia/commons/thumb/a/a8/Bras%C3%A3o_de_Cidade_Viseu.png/100px-Bras%C3%A3o_de_Cidade_Viseu.png,VIS,https://pt.wikipedia.org/wiki/Viseu_(Portugal),https://dados.gov.pt/s/brasoes/1823.png
2,1824,Vouzela,https://upload.wikimedia.org/wikipedia/commons/thumb/8/8f/VZL.png/100px-VZL.png,VZL,https://pt.wikipedia.org/wiki/Vouzela,https://dados.gov.pt/s/brasoes/1824.png
2,3101,Calheta,https://upload.wikimedia.org/wikipedia/commons/thumb/c/c8/CHT.png/100px-CHT.png,CHT,https://pt.wikipedia.org/wiki/Calheta_(A%C3%A7ores),https://dados.gov.pt/s/brasoes/3101.png
2,3102,Câmara de Lobos,https://upload.wikimedia.org/wikipedia/commons/thumb/3/33/CMT1.png/100px-CMT1.png,CML,https://pt.wikipedia.org/wiki/C%C3%A2mara_de_Lobos,https://dados.gov.pt/s/brasoes/3102.png
2,3103,Funchal,https://upload.wikimedia.org/wikipedia/commons/thumb/e/ec/FNC.png/100px-FNC.png,FNC,https://pt.wikipedia.org/wiki/Funchal,https://dados.gov.pt/s/brasoes/3103.png
2,3104,Machico,https://upload.wikimedia.org/wikipedia/commons/thumb/e/e4/MCH1.png/100px-MCH1.png,MCH,https://pt.wikipedia.org/wiki/Machico,https://dados.gov.pt/s/brasoes/3104.png
2,3105,Ponta do Sol,https://upload.wikimedia.org/wikipedia/commons/thumb/e/e5/PTS.png/100px-PTS.png,PTS,https://pt.wikipedia.org/wiki/Ponta_do_Sol_(Madeira),https://dados.gov.pt/s/brasoes/3105.png
2,3106,Porto Moniz,https://upload.wikimedia.org/wikipedia/commons/thumb/2/2f/PMZ.png/100px-PMZ.png,PMZ,https://pt.wikipedia.org/wiki/Porto_Moniz,https://dados.gov.pt/s/brasoes/3106.png
2,3107,Ribeira Brava,https://upload.wikimedia.org/wikipedia/commons/thumb/e/ee/RBR.png/100px-RBR.png,RBR,https://pt.wikipedia.org/wiki/Ribeira_Brava_(Madeira),https://dados.gov.pt/s/brasoes/3107.png
2,3108,Santa Cruz,https://upload.wikimedia.org/wikipedia/commons/thumb/8/8d/SCR1.png/100px-SCR1.png,SCR,https://pt.wikipedia.org/wiki/Santa_Cruz_(Madeira),https://dados.gov.pt/s/brasoes/3108.png
2,3109,Santana,https://upload.wikimedia.org/wikipedia/commons/thumb/e/e1/STN1.png/100px-STN1.png,STN,https://pt.wikipedia.org/wiki/Santana_(Madeira),https://dados.gov.pt/s/brasoes/3109.png
2,3110,São Vicente,https://upload.wikimedia.org/wikipedia/commons/thumb/7/7d/SVC.png/100px-SVC.png,SVC,https://pt.wikipedia.org/wiki/S%C3%A3o_Vicente_(Madeira),https://dados.gov.pt/s/brasoes/3110.png
2,3201,Porto Santo,https://upload.wikimedia.org/wikipedia/commons/thumb/4/4f/PST1.png/100px-PST1.png,PST,https://pt.wikipedia.org/wiki/Porto_Santo,https://dados.gov.pt/s/brasoes/3201.png
2,4101,Vila do Porto,https://upload.wikimedia.org/wikipedia/commons/thumb/0/0c/VPT1.png/100px-VPT1.png,VPT,https://pt.wikipedia.org/wiki/Vila_do_Porto,https://dados.gov.pt/s/brasoes/4101.png
2,4201,Lagoa,https://upload.wikimedia.org/wikipedia/commons/thumb/9/94/Lagoa%2C_A%C3%A7ores_%28bras%C3%A3o%29.png/100px-Lagoa%2C_A%C3%A7ores_%28bras%C3%A3o%29.png,,https://pt.wikipedia.org/wiki/Lagoa_(A%C3%A7ores),https://dados.gov.pt/s/brasoes/4201.png
2,4202,Nordeste,https://upload.wikimedia.org/wikipedia/commons/thumb/a/ac/NRD.png/100px-NRD.png,NRD,https://pt.wikipedia.org/wiki/Nordeste_(A%C3%A7ores),https://dados.gov.pt/s/brasoes/4202.png
2,4203,Ponta Delgada,https://upload.wikimedia.org/wikipedia/commons/thumb/b/bb/PDL.png/100px-PDL.png,PDL,https://pt.wikipedia.org/wiki/Ponta_Delgada,https://dados.gov.pt/s/brasoes/4203.png
2,4204,Povoação,https://upload.wikimedia.org/wikipedia/commons/thumb/8/84/PVC.png/100px-PVC.png,PVC,https://pt.wikipedia.org/wiki/Povoa%C3%A7%C3%A3o_(A%C3%A7ores),https://dados.gov.pt/s/brasoes/4204.png
2,4205,Ribeira Grande,https://upload.wikimedia.org/wikipedia/commons/thumb/6/6a/RGR1.png/100px-RGR1.png,RGR,https://pt.wikipedia.org/wiki/Ribeira_Grande_(A%C3%A7ores),https://dados.gov.pt/s/brasoes/4205.png
2,4206,Vila Franca do Campo,https://upload.wikimedia.org/wikipedia/commons/thumb/6/65/VFC.png/100px-VFC.png,VFC,https://pt.wikipedia.org/wiki/Vila_Franca_do_Campo,https://dados.gov.pt/s/brasoes/4206.png
2,4301,Angra do Heroísmo,https://upload.wikimedia.org/wikipedia/commons/thumb/4/43/Angra_do_Hero%C3%ADsmo%2C_Azores%2C_Portugal_%28bras%C3%B5es%29.png/100px-Angra_do_Hero%C3%ADsmo%2C_Azores%2C_Portugal_%28bras%C3%B5es%29.png,AGH,https://pt.wikipedia.org/wiki/Angra_do_Hero%C3%ADsmo,https://dados.gov.pt/s/brasoes/4301.png
2,4302,Vila da Praia da Vitória,https://upload.wikimedia.org/wikipedia/commons/thumb/6/60/VPV1.png/100px-VPV1.png,,https://pt.wikipedia.org/wiki/Praia_da_Vit%C3%B3ria,https://dados.gov.pt/s/brasoes/4302.png
2,4401,Santa Cruz da Graciosa,https://upload.wikimedia.org/wikipedia/commons/thumb/4/48/SCG.png/100px-SCG.png,SCG,https://pt.wikipedia.org/wiki/Santa_Cruz_da_Graciosa,https://dados.gov.pt/s/brasoes/4401.png
2,4501,Calheta,https://upload.wikimedia.org/wikipedia/commons/thumb/c/c8/CHT.png/100px-CHT.png,,https://pt.wikipedia.org/wiki/Calheta_(A%C3%A7ores),https://dados.gov.pt/s/brasoes/4501.png
2,4502,Velas,https://upload.wikimedia.org/wikipedia/commons/thumb/2/27/VLS.png/100px-VLS.png,VLS,https://pt.wikipedia.org/wiki/Velas,https://dados.gov.pt/s/brasoes/4502.png
2,4601,Lajes do Pico,https://upload.wikimedia.org/wikipedia/commons/thumb/1/18/Crest_of_Lajes_do_Pico_municipality_%28Azores%2C_Portugal%29.png/100px-Crest_of_Lajes_do_Pico_municipality_%28Azores%2C_Portugal%29.png,LGP,https://pt.wikipedia.org/wiki/Lajes_do_Pico,https://dados.gov.pt/s/brasoes/4601.png
2,4602,Madalena,https://upload.wikimedia.org/wikipedia/commons/thumb/d/d9/MAD.png/100px-MAD.png,MAD,https://pt.wikipedia.org/wiki/Madalena_(A%C3%A7ores),https://dados.gov.pt/s/brasoes/4602.png
2,4603,São Roque do Pico,https://upload.wikimedia.org/wikipedia/commons/thumb/f/f5/SRQ.png/100px-SRQ.png,SRQ,https://pt.wikipedia.org/wiki/S%C3%A3o_Roque_do_Pico,https://dados.gov.pt/s/brasoes/4603.png
2,4701,Horta,https://upload.wikimedia.org/wikipedia/commons/thumb/e/e1/HRT.png/70px-HRT.png,HRT,https://pt.wikipedia.org/wiki/Horta,https://dados.gov.pt/s/brasoes/4701.png
2,4801,Lajes das Flores,https://upload.wikimedia.org/wikipedia/commons/thumb/0/0f/LGF.png/100px-LGF.png,LGF,https://pt.wikipedia.org/wiki/Lajes_das_Flores,https://dados.gov.pt/s/brasoes/4801.png
2,4802,Santa Cruz das Flores,https://upload.wikimedia.org/wikipedia/commons/thumb/5/57/SCF.png/100px-SCF.png,SCF,https://pt.wikipedia.org/wiki/Santa_Cruz_das_Flores,https://dados.gov.pt/s/brasoes/4802.png
2,4901,Corvo,https://upload.wikimedia.org/wikipedia/commons/thumb/e/e4/CRV.png/100px-CRV.png,CRV,https://pt.wikipedia.org/wiki/Corvo_(A%C3%A7ores),https://dados.gov.pt/s/brasoes/4901.png
